<?xml version="1.0" encoding="UTF-8"?>
<project-private xmlns="http://www.netbeans.org/ns/project-private/1">
    <editor-bookmarks xmlns="http://www.netbeans.org/ns/editor-bookmarks/2" lastBookmarkId="0"/>
    <open-files xmlns="http://www.netbeans.org/ns/projectui-open-files/2">
        <group>
            <file>file:/C:/Users/HP-Ryzen%203/Desktop/TercerSemestre/INF-131/PROYECTO/PROYECTOFINAL/PROYECTOFINAL/src/ventana/nivel3.java</file>
            <file>file:/C:/Users/HP-Ryzen%203/Desktop/TercerSemestre/INF-131/PROYECTO/PROYECTOFINAL/PROYECTOFINAL/src/ventana/nivel1.java</file>
            <file>file:/C:/Users/HP-Ryzen%203/Desktop/TercerSemestre/INF-131/PROYECTO/PROYECTOFINAL/PROYECTOFINAL/src/ventana/principal.java</file>
            <file>file:/C:/Users/HP-Ryzen%203/Desktop/TercerSemestre/INF-131/PROYECTO/PROYECTOFINAL/PROYECTOFINAL/src/proyectofinal/PROYECTOFINAL.java</file>
            <file>file:/C:/Users/HP-Ryzen%203/Desktop/TercerSemestre/INF-131/PROYECTO/PROYECTOFINAL/PROYECTOFINAL/src/proyectofinal/GatoVsRatonPvP.java</file>
            <file>file:/C:/Users/HP-Ryzen%203/Desktop/TercerSemestre/INF-131/PROYECTO/PROYECTOFINAL/PROYECTOFINAL/src/ventana/nivel2.java</file>
            <file>file:/C:/Users/HP-Ryzen%203/Desktop/TercerSemestre/INF-131/PROYECTO/PROYECTOFINAL/PROYECTOFINAL/src/proyectofinal/GatoVsRatonPvEMemo.java</file>
        </group>
    </open-files>
</project-private>
